[
    {
        "Count": 3,
        "Characters": [
            "i"
        ]
    },
    {
        "Count": 4,
        "Characters": [
            "r",
            "c",
            "i"
        ]
    },
    {
        "Count": 5,
        "Characters": [
            "P",
            "r",
            "c",
            "e"
        ]
    },
    {
        "Count": 6,
        "Characters": [
            "P",
            "r",
            "e"
        ]
    },
    {
        "Count": 7,
        "Characters": [
            "P",
            "r",
            "e",
            "i"
        ]
    }
]