[
    {
        "Characters": [
            "2"
        ],
        "Count": 0
    },
    {
        "Characters": [
            "2",
            "1",
            "7",
            "6",
            "9",
            "8"
        ],
        "Count": 2
    },
    {
        "Characters": [
            "3",
            "2",
            "1",
            "0",
            "7",
            "5",
            "4",
            "9",
            "8"
        ],
        "Count": 3
    },
    {
        "Characters": [
            "3",
            "2",
            "1",
            "0",
            "7",
            "6",
            "5",
            "4",
            "9",
            "8"
        ],
        "Count": 4
    },
    {
        "Characters": [
            "3",
            "2",
            "1",
            "0",
            "7",
            "6",
            "5",
            "4",
            "9",
            "8"
        ],
        "Count": 5
    },
    {
        "Characters": [
            "3",
            "2",
            "1",
            "0",
            "7",
            "6",
            "5",
            "4",
            "9",
            "8"
        ],
        "Count": 6
    },
    {
        "Characters": [
            "2",
            "1",
            "0",
            "6",
            "5",
            "4",
            "9",
            "8"
        ],
        "Count": 7
    },
    {
        "Characters": [
            "2",
            "1",
            "4",
            "9",
            "8"
        ],
        "Count": 8
    },
    {
        "Characters": [
            "8"
        ],
        "Count": 9
    }
]